place_name,whether_calculated,is_people,pred_is_people,predicted_name
,0,0,0,
(유)한국맥,1,0,0,
(주)24시전,1,0,0,
(주)JBSDLA  ,1,0,0,
(주)교보문,1,0,0,
(주)뉴코아,1,0,0,
(주)랜드에,1,0,0,
(주)로히,1,0,0,
(주)롯데리,1,0,0,
(주)리드코,1,0,0,
(주)비지에,1,0,0,
(주)서울랜,1,0,0,
(주)서울오,1,0,0,
(주)소담푸,1,0,0,
(주)슈거마,1,0,0,
(주)신농민,1,0,0,
(주)신세계,1,0,0,
(주)아트박,1,0,0,
(주)안양밴,1,0,0,
(주)에스엠,1,0,0,
(주)에스엠디롯데리,1,0,0,
(주)영풍문,1,0,0,
(주)이마트,1,0,0,
(주)이비카,1,0,0,
(주)지마켓,1,0,0,
(주)지에스,1,0,0,
(주)카카오,1,0,0,
(주)커피빈,1,0,0,
(주)컴퓨존,1,0,0,
(주)케이에,1,0,0,
(주)코리아,1,0,0,
(주)프로유,1,0,0,
(주비케이알,1,0,0,
(학)일송학,1,0,0,
11054449494,0,0,0,
20369201004,0,0,0,
20369201035,0,0,0,
20369205019,0,0,0,
20369206040,0,0,0,
088CD3009321,0,0,0,
088CD3015610,0,0,0,
088CD3030475,0,0,0,
96011164682,0,0,0,
24시누름돌생,0,0,0,
32신교대대,1,0,0,
365스마일약 ,1,0,0,
3.84E+11,0,0,0,
5.92E+11,0,0,0,
6.39E+237,0,0,0,
639007**232507-14  ,0,0,0,
6.39E+11,0,0,0,
ByteDance,1,0,0,
CGV범계,1,0,0,
CGV용산아이 ,1,0,0,
D포토,1,0,0,
GS25논산역점,1,0,0,
GS25산본경원,1,0,0,
GS25상주낙동,1,0,0,
GS25수원시티,1,0,0,
GS25안양진성,1,0,0,
GS25안양행복,1,0,0,
GS25일산동국,1,0,0,
GS25평촌길목,1,0,0,
GS25평촌타워,1,0,0,
GS25평촌한솖,1,0,0,
GS25평촌한솥,1,0,0,
GS25평촌한양,1,0,0,
GS25필동점,1,0,0,
GS25해운제이,1,0,0,
GS25호계뉴타,1,0,0,
GS25호계점,1,0,0,
KB국민카드_ ,0,0,0,
KB스펙환불,0,0,0,
KB증권LGCNS ,0,0,0,
KB증권오픈,0,0,0,
KB증권와이제,0,0,0,
KB증권이건민,0,1,0,
KB증권제일엔,0,0,0,
KB증권제일엠,0,0,0,
KB체크할인,0,0,0,
KCP(결제대행,0,0,0,
KFC안양호계,1,0,0,
KOCES_자판기,0,0,0,
KOCES결제대 ,0,0,0,
KSNET대표H_1,0,0,0,
KS넷(대표),0,0,0,
LGCNS환불,0,0,0,
lg씨엔에스매,0,0,0,
LS매도,0,0,0,
NETFLIX_INIC,0,0,0,
NICE(빌링),0,0,0,
NICE(빌링)_4,0,0,0,
PCPRESSOPC방,1,0,0,
PC테라스,1,0,0,
PLAYPC(플레 ,1,0,0,
SKPAY대표,0,0,0,
STORMPC,1,0,0,
WOWPC(와우피,1,0,0,
WOWPC(와우피씨),1,0,0,
가위사랑헤어,1,0,0,가위사
가향,1,0,0,
감성스터디카,1,0,0,감성스
감탄,1,0,0,
감탄생고기,1,0,0,감탄생
강서,1,0,0,
강신길,0,1,0,강신길
강호랭이분식,1,0,0,강호랭
강호랭이분식평촌트,1,0,0,강호랭
게임이너스PC,1,0,0,
게임천국(GAM,1,0,0,
경기지역화폐,0,0,0,경기지
고기주는냉면,1,0,1,고기주
고봉민김밥인,1,0,0,고봉민
고스트캐슬PC,1,0,0,고스트
고피자평촌학,1,0,0,고피자
고피자평촌학원가점,1,0,0,고피자
골드볼링장,1,0,0,
골뱅이를품은,1,0,0,
공모주환불,0,0,0,공모주
공차동국대점,1,0,0,공차동
공차평촌학원,1,0,0,공차평
공차평촌학원가점,1,0,0,공차평
공태현,0,1,1,공태현
관양마트,1,0,0,관양마
교보문고,1,0,0,교보문
교촌치킨호계,1,0,0,교촌치
교통비,1,0,0,교통비
구글플레이,0,0,0,구글플
국군복지단,1,0,0,국군복
국군재정단,0,0,0,국군재
국대떡볶이안,1,0,0,국대떡
국빈,1,0,0,
국수나무(   ,1,0,0,국수나
국수나무(평촌점),1,0,0,국수나
그레이스피씨,1,0,0,
그린플래그커,1,0,0,
긱스타피시카,1,0,0,
김금복김밥,1,0,0,김금복
김도영,0,1,1,김도영
김민수,0,1,1,김민수
김밥나라구파,1,0,0,김밥나
김밥천국,1,0,0,김밥천
김어람,0,1,1,김어람
김원재,0,1,1,김원재
김하연,0,1,1,김하연
꼬르륵,1,0,0,
꿈을향한공간,1,0,0,
나쓰부,1,0,0,나쓰부
나우커피의왕,1,0,0,나우커
낙성대동네아,1,0,0,
남경,1,0,0,
남기분면,1,0,0,남기분
내통장결제,0,0,0,내통장
네이버파이낸,0,0,0,
네이버페이,1,0,0,
네이버페이_ ,1,0,0,
네이버페이결,1,0,0,
노랑통닭범계,1,0,0,노랑통
노벨레테,1,0,0,노벨레
노브랜드버거,1,0,0,노브랜
노브랜드환불,1,0,0,노브랜
놀PC방,1,0,0,
놀섧(평촌 ,1,0,0,
놀섧안양호계,1,0,0,
놀피씨방,1,0,0,
누리,0,0,0,
누리헤어,1,0,0,
다날_대표,1,0,0,
다온앤북,1,0,0,다온앤
다이브피씨방,1,0,0,다이브
달래해장수원,1,0,0,
달링아이스크,1,0,0,
대림각,1,0,0,대림각
대표_카카 ,0,0,0,
더블루(범 ,1,0,0,
더현대서울,1,0,0,
던킨공항철도,1,0,0,
데이롱카페안,1,0,0,
데이롱카페평,1,0,0,
데이롱카페평촌고,1,0,0,
도누리오빠곱,1,0,1,도누리
동국대재무,0,0,0,동국대
동국대학교소,0,0,0,동국대
동국약국,1,0,0,동국약
동국할인점,1,0,0,동국할
동막골,1,0,0,동막골
동원건설산업,1,0,0,동원건
뒹글뒹글2,0,0,0,
드림디포,1,0,0,
드림디포범계,1,0,0,
듣는커피,1,0,0,
디디커피(D.D,1,0,0,
디마인커피로,1,0,0,
떡밥,1,0,0,
떡순튀(평 ,1,0,0,
떡슐랭1호 ,1,0,0,
떡슐랭산본점,1,0,0,
뚜레쥬르호계,1,0,0,
라라약국,1,0,0,라라약
라온제나,1,0,0,라온제
라이또PC방,1,0,0,라이또
랜드에이엘,1,0,0,
러쉬코리아가,1,0,0,
레드쿨헤어,1,0,0,
레벨업피씨방,1,0,0,
로카모빌리티,1,0,0,로카모
로하이피씨방,1,0,0,로하이
롤앤밥스,1,0,0,
롯데리아평촌,1,0,0,
롯데물산주식,0,0,0,
롯데백화점( ,1,0,0,
롯데백화점평,1,0,0,
롯데쇼핑(   ,1,0,0,
롯데컬처웍스,1,0,0,
롯데프리미엄,1,0,0,
리그pc방범,1,0,0,
리틀꼬마김밥,1,0,0,리틀꼬
리틀꼬마김밥안양호,1,0,0,리틀꼬
리플레이PC,1,0,0,리플레
마미절면,1,0,0,마미절
마스타해외승,0,0,0,마스타
마시쩡석수점,1,0,0,마시쩡
마음앤카페,1,0,0,마음앤
마인드스터디,1,0,0,마인드
맘스터치,1,0,0,
맘스터치(   ,1,0,0,
맘스터치논산,1,0,0,
맘스터치동국,1,0,0,
맛동산분식,1,0,0,
맛있는햄부대,1,0,0,
매머드익스프,1,0,0,매머드
매운국물떡볶,1,0,0,매운국
매칭지원금,0,0,0,매칭지
맥도날드안양,1,0,0,
맥도날드여의,1,0,0,
머리짓다,1,0,0,
메가엠지씨커,1,0,0,
메가엠지씨커피평촌,1,0,0,
메가프로피씨,1,0,0,
멜론PC방,1,0,0,
명당만두,1,0,0,명당만
명동김밥,1,0,0,명동김
명륜진사갈비,1,0,0,명륜진
모바일티머니,0,0,0,모바일
모빌-ARS,0,0,0,
모아편의점,1,0,0,모아편
목련마트,1,0,0,목련마
못된고양이,1,0,0,
무신사,1,0,0,무신사
무인양품(   ,1,0,0,무인양
미가김밥,1,0,0,미가김
미니스톱금왕,1,0,0,미니스
미니스톱논산,1,0,0,미니스
미니스톱범계,1,0,0,미니스
미니스톱석수,1,0,0,미니스
미니스톱안양,1,0,0,미니스
미니스톱평촌,1,0,0,미니스
미사리밀빛초,1,0,0,미사리
미소야산본로,1,0,0,미소야
민아생일축하,0,0,0,민아생
밀섧범계점,1,0,0,
바나프레소범,1,0,0,
바나프레소선,1,0,0,
바나프레소충,1,0,0,
바우네나주곰,1,0,0,
박가부대찌개,1,0,0,박가부
박기범,0,1,1,박기범
박성빈,0,1,1,박성빈
박윤서,0,1,1,박윤서
박훈헤어샵,1,0,0,박훈헤
밥보야뚠뚠이,1,0,0,
배니베니PC,1,0,0,배니베
백소정동국대,1,0,1,백소정
백순대본가새,1,0,0,백순대
백의원,1,0,0,백의원
밸리PC인덕,1,0,0,
버거앤프라이,1,0,0,
버거킹평촌학,1,0,0,
범계역점빽다,1,0,0,범계역
병천순대,1,0,0,
병천아우내순,1,0,0,
보배반점(   ,1,0,0,보배반
보이스노래연,1,0,0,보이스
봉구스밥버거,1,0,0,봉구스
부대의전설( ,1,0,0,부대의
붐바타안양평,1,0,0,
브랑제리과자,1,0,0,
브레드필유( ,1,0,0,
블랙콩(호 ,1,0,0,
블루문스터디,1,0,0,
블루문스터디카페(,1,0,0,
블루보틀커피,1,0,0,
비허밍스터디,1,0,0,비허밍
빽다방충무로,1,0,0,
사천성,1,0,0,사천성
삼성이건민,0,1,0,삼성이
삼성전자서비,1,0,0,삼성전
삼중대광,1,0,0,삼중대
상병11,0,0,0,
상황근무증식,0,0,0,상황근
새봄온누리약,1,0,0,
새빛,1,0,0,
샐러디범계역,1,0,0,
생일자특식,0,0,0,
생일축하해  ,0,0,0,
생일축하해건,0,0,0,
샹떼PC방,1,0,0,
샹떼PC방안,1,0,0,
샹떼PC방평,1,0,0,
서민우,0,1,1,서민우
서울베스트의,1,0,0,서울베
서울택시_   ,1,0,0,서울택
선경미용실,1,0,0,선경미
선물하기(   ,0,0,0,선물하
선미슈퍼,1,0,0,선미슈
설빙,1,0,0,
설빙(안양 ,1,0,0,
설아아이스크,1,0,0,설아아
설아아이스크림,1,0,0,설아아
성민그린마트,1,0,0,성민그
성우환불,0,0,0,성우환
세븐일레븐경,1,0,0,
세븐일레븐과,1,0,0,
세븐일레븐논,1,0,0,
세븐일레븐동,1,0,0,
세븐일레븐범,1,0,0,
세븐일레븐석,1,0,0,
세븐일레븐안,1,0,0,
세븐일레븐안양호계,1,0,0,
세븐일레븐충,1,0,0,
세븐일레븐평,1,0,0,
세븐일레븐힐,1,0,0,
세종시티약국,1,0,0,
소민재,0,1,1,소민재
송복현,0,1,0,송복현
수원왕갈비,1,0,0,수원왕
숨맑은집,1,0,0,
숨맑은집평촌,1,0,0,
숨맑은집학원,1,0,0,
쉐프의부대찌,1,0,0,
슈가당,1,0,0,
슈퍼스타코인,1,0,0,
스마일약국,1,0,0,
스타벅스코리,1,0,0,
스토리PC,1,0,0,
스톰PC,1,0,0,
스톰PC방,1,0,0,
스팩매도,0,0,0,
시애틀,1,0,0,시애틀
시외버스모바,1,0,0,시외버
시원달콤24  ,1,0,0,시원달
신규환,0,1,1,신규환
신대풍감자탕,1,0,0,신대풍
신북경국빈,1,0,0,신북경
신세계팩토리,1,0,1,신세계
신순미비타민,0,1,1,신순미
신영미,0,1,1,신영미
신영미ETF,0,1,1,신영미
신영미HVM   ,0,1,1,신영미
신영미LG씨,0,1,1,신영미
신영미LS매,0,1,1,신영미
신영미SK33  ,0,1,1,신영미
신영미공모주,0,1,1,신영미
신영미노브랜,0,1,1,신영미
신영미뉴로핏,0,1,1,신영미
신영미뉴엔에,0,1,1,신영미
신영미달바글,0,1,1,신영미
신영미대한조선,0,1,1,신영미
신영미더본환,0,1,1,신영미
신영미등록금,0,1,1,신영미
신영미디앤디,0,1,1,신영미
신영미미래6 ,0,1,1,신영미
신영미민테크,0,1,1,신영미
신영미바이오,0,1,1,신영미
신영미산일전,0,1,1,신영미
신영미스카비,0,1,1,신영미
신영미스펙환,0,1,1,신영미
신영미시프트,0,1,1,신영미
신영미신한13,0,1,1,신영미
신영미싸이닉매도,0,1,1,신영미
신영미쏘닉스,0,1,1,신영미
신영미씨어스,0,1,1,신영미
신영미아이엠,0,1,1,신영미
신영미에스오,0,1,1,신영미
신영미에이직,0,1,1,신영미
신영미용돈,0,1,1,신영미
신영미유라클,0,1,1,신영미
신영미이뮨나,0,1,1,신영미
신영미이뮨온,0,1,1,신영미
신영미제이엠,0,1,1,신영미
신영미제일엔,0,1,1,신영미
신영미주식,0,1,1,신영미
신영미주식2 ,0,1,1,신영미
신영미주식매,0,1,1,신영미
신영미청약환,0,1,1,신영미
신영미케이엔,0,1,1,신영미
신영미케이워,0,1,1,신영미
신영미코칩환,0,1,1,신영미
신영미쿠폰거래,0,1,1,신영미
신영미클로봇,0,1,1,신영미
신영미클리반,0,1,1,신영미
신영미키움이,0,1,1,신영미
신영미프로티나,0,1,1,신영미
신영미하이젠,0,1,1,신영미
신영미한텍,0,1,1,신영미
신영미환불금,0,1,1,신영미
신재원,0,1,1,신재원
신정민,0,1,1,신정민
신포우리만두,1,0,0,신포우
신풍부대찌개,1,0,0,신풍부
써브웨이범계,1,0,0,
쏘닉스,0,0,0,
쓰리팝피씨카,1,0,0,
씨유(CU)M   ,1,0,0,
씨유(CU)광,1,0,0,
씨유(CU)대,1,0,0,
씨유(CU)동,1,0,0,
씨유(CU)목,1,0,0,
씨유(CU)목련꽃길점,1,0,0,
씨유(CU)무,1,0,0,
씨유(CU)범,1,0,0,
씨유(CU)부,1,0,0,
씨유(CU)안,1,0,0,
씨유(CU)일,1,0,0,
씨유(CU)평,1,0,0,
씨유(CU)평촌트리지,1,0,0,
씨유(CU)호,1,0,0,
씨유논산훈련,1,0,0,
씨유동국대기,1,0,0,
씨유산본중앙,1,0,0,
씨유상도터널,1,0,0,
씨유상주낙동,1,0,0,
씨유선릉역점,1,0,0,
씨유신용산래,1,0,0,
씨유신풍역점,1,0,0,
씨유안양관악,1,0,0,
씨유안양벤처,1,0,0,
씨유안양청룡,1,0,0,
씨유안양평촌,1,0,0,
씨유안양호계,1,0,0,
씨유엠잠실역,1,0,0,
씨유엠충무로,1,0,0,
씨유용산역점,1,0,0,
씨유의왕오전,1,0,0,
씨유중구필동,1,0,0,
씨유평촌공원,1,0,0,
씨유평촌먹거,1,0,0,
씨유평촌무궁,1,0,0,
씨유평촌보영,1,0,0,
씨유평촌우성,1,0,0,
씨유호계덕현,1,0,0,
씨유호계홈타,1,0,0,
씨제이올리브,1,0,0,
아레나PC방,1,0,0,아레나
아마스빈범계,1,0,0,아마스
아마스빈평촌,1,0,0,아마스
아미스카페테,1,0,0,아미스
아미키친,1,0,0,아미키
아비꼬안양범,1,0,0,아비꼬
아성다이소,1,0,0,아성다
아이센스리그,1,0,0,아이센
아이센스피시,1,0,0,아이센
아이스랑까까,1,0,0,아이스
아이스짱,1,0,0,아이스
아이지에이안,1,0,0,아이지
아인스까페,1,0,0,아인스
아재순대소녀,1,0,0,아재순
악쓰는하마코,1,0,0,
안양온천,1,0,0,안양온
안양평촌학원,0,0,0,안양평
안양하다,1,0,0,안양하
알래스카싸움,1,0,0,
알파문구,1,0,0,
얌얌분식,1,0,0,
양스김밥천국,1,0,0,양스김
얼음왕국석수,1,0,0,
에버그린,1,0,0,
에이럭스,0,0,0,
에이럭스GM,0,0,0,
에이치디씨아,1,0,0,
에이치앤엠헤,1,0,0,
엔알비환불,0,0,0,
엔젤스코인노,1,0,0,
엘프pccafe,1,0,0,
엠팩토리맨,1,0,0,
여기어때_   ,0,0,0,여기어
역전우동0410,1,0,0,
역전우동범계,1,0,0,
역전할인마트,1,0,0,
연풍휴게소매,1,0,0,연풍휴
연회비캐시백,0,0,0,연회비
염가매장,1,0,0,염가매
영아트,1,0,0,영아트
옛날농장,1,0,0,
오승민,0,1,1,오승민
오얏봉약국,1,0,0,오얏봉
오엑스PC해,1,0,0,오엑스
오즈쓰리팝PC,1,0,0,오즈쓰
오픈라운지스,1,0,0,오픈라
오행당약국,1,0,0,오행당
옥션(1588-01,0,0,0,
옥희네국수집,1,0,0,옥희네
온채당용산역,1,0,0,온채당
온천매점,1,0,0,온천매
올리브영범계,1,0,0,
와우PC-3,1,0,0,
왕대박감자탕,1,0,0,왕대박
왕순이김밥,1,0,0,왕순이
요기요,0,0,0,요기요
요꼬마꼬,1,0,0,요꼬마
용눈이농산물,1,0,0,용눈이
용돈,0,0,0,
용우동,1,0,0,용우동
우리동네다판,1,0,0,우리동
우리약국,1,0,0,우리약
우리워시평촌,1,0,0,우리워
우지커피평촌,1,0,0,우지커
우지커피평촌트리지,1,0,0,우지커
우지커피평촌학원가,1,0,0,우지커
원할머니보쌈,1,0,0,원할머
월드면,1,0,0,
웨이브(푹T,0,0,0,
웨이비스환불,0,0,0,
위너스피씨카,1,0,0,위너스
위넌스터디카,1,0,0,위넌스
유니클로,1,0,0,유니클
유미카츠범계,1,0,1,유미카
유앤아이스터,1,0,0,유앤아
유튜브멤버십,0,0,0,유튜브
육쌈냉면,1,0,0,육쌈냉
육장장이,1,0,0,육장장
육전밀면,1,0,0,육전밀
은혜청과,1,0,0,은혜청
응응스크르안,1,0,0,
응응스크르평,1,0,0,
이건민,0,1,1,이건민
이건민hvm   ,0,1,1,이건민
이건민SK33  ,0,1,1,이건민
이건민뉴로핏,0,1,1,이건민
이건민대한조선,0,1,1,이건민
이건민미래6 ,0,1,1,이건민
이건민스펙환,0,1,1,이건민
이건민시프트,0,1,1,이건민
이건민씨어스,0,1,1,이건민
이건민아이빔,0,1,1,이건민
이건민아이씨,0,1,1,이건민
이건민유라클,0,1,1,이건민
이건민이노스,0,1,1,이건민
이건민이뮨온,0,1,1,이건민
이건민인스피,0,1,1,이건민
이건민케이워,0,1,1,이건민
이건민케이웨,0,1,1,이건민
이건민코셈환,0,1,1,이건민
이건민하스환,0,1,1,이건민
이건민하이젠,0,1,1,이건민
이건민현대마,0,1,1,이건민
이건민현대힘,0,1,1,이건민
이네이처PC  ,1,0,0,이네이
이니시스(   ,1,0,0,이니시
이닉스매도,0,0,0,이닉스
이닉스환불,0,0,0,이닉스
이디야에소프,1,0,0,이디야
이디야커피논,1,0,0,이디야
이디야커피안,1,0,0,이디야
이름없는과일,1,0,0,이름없
이리로,1,0,0,이리로
이마트24R   ,1,0,0,이마트
이마트24R안양호계,1,0,0,이마트
이마트24금,1,0,0,이마트
이마트24동,1,0,0,이마트
이마트24반,1,0,0,이마트
이마트24범,1,0,0,이마트
이마트24상,1,0,0,이마트
이마트24선,1,0,0,이마트
이마트24안,1,0,0,이마트
이마트24코,1,0,0,이마트
이모~♡,0,1,0,
이모용돈,0,0,0,이모용
이비가짬뽕호,1,0,0,이비가
이삭토스트,1,0,0,이삭토
이삭토스트안양평촌,1,0,0,이삭토
이스포츠아레,1,0,0,이스포
이승빈,0,1,1,이승빈
이승용,0,1,1,이승용
이음ING분 ,1,0,0,
이재룡,0,1,1,이재룡
이지페이,0,0,0,이지페
이지헤어,1,0,0,이지헤
인덕원국밥마,1,0,0,인덕원
인동초,1,0,0,인동초
인터파크_   ,0,0,0,인터파
일등추어탕,1,0,0,
임서연(포 ,0,0,1,임서연
입영여비,0,0,0,
자판기,0,0,0,자판기
장모네순대국,1,0,0,장모네
재정단여비,0,0,0,
재훈토스트,1,0,0,
저스트잇카페,1,0,0,
전원균,0,1,1,전원균
전원주의손큰,1,0,1,전원주
정민준,0,1,1,정민준
정부민원포털,0,0,1,정부민
정수민,0,1,1,정수민
정원칼국수,1,0,0,정원칼
제노,1,0,0,
제닉스PC방,1,0,0,제닉스
제로백pc(zer,1,0,0,제로백
제로백내손동,1,0,0,제로백
제이24스터,1,0,0,
제이티,0,0,0,제이티
제이펄헤어,1,0,0,제이펄
제주고국,1,0,0,제주고
조아아이스크,1,0,0,조아아
조이약국,1,0,0,조이약
조이팝PC과,1,0,0,조이팝
조이팝피씨,1,0,0,조이팝
종로문고,1,0,0,종로문
죠스떡볶이범,1,0,0,
주)뉴코아 ,1,0,0,
주)스타벅 ,1,0,0,
주소담푸드,1,0,1,주소담
주식,0,0,0,
주식매도분,0,0,0,주식매
주식환불,0,0,0,주식환
주식회사JBSD,0,0,0,주식회
주식회사아성,0,0,0,주식회
주식회사안양,0,0,0,주식회
주식회사엠앤,0,0,0,주식회
주식회사오즈,0,0,0,주식회
주식회사유피,0,0,0,주식회
주원진의할매,1,1,1,주원진
주택청약,0,0,0,주택청
중독,1,0,0,
중독춘천닭갈,1,0,0,
중식비,0,0,0,
중앙공원매점,1,0,0,
중앙마트,1,0,0,
중화원,1,0,0,
즉석감고을김,1,0,0,
즐pc방,1,0,0,
지방택시_   ,1,0,0,지방택
지에스(GS)25,1,0,0,지에스
지에스(GS)25평촌목,1,0,0,지에스
지에스25(GS2,1,0,0,지에스
지에스25S4  ,1,0,0,지에스
지에스25갈,1,0,0,지에스
지에스25광,1,0,0,지에스
지에스25논,1,0,0,지에스
지에스25뉴,1,0,0,지에스
지에스25뉴호계융창,1,0,0,지에스
지에스25범,1,0,0,지에스
지에스25부,1,0,0,지에스
지에스25안,1,0,0,지에스
지에스25양,1,0,0,지에스
지에스25을,1,0,0,지에스
지에스25의,1,0,0,지에스
지에스25제,1,0,0,지에스
지에스25평,1,0,0,지에스
지에스25평촌두산점,1,0,0,지에스
지에스25평촌보영점,1,0,0,지에스
지에스25평촌신동아,1,0,0,지에스
지에스25한,1,0,0,지에스
지에스25호,1,0,0,지에스
지에스25호계체육관,1,0,0,지에스
지에스25호계현대점,1,0,0,지에스
지지고,1,0,0,지지고
천지유황탕,1,0,1,천지유
철구PC군포,1,0,0,
청산,1,0,0,
체크취소,0,0,0,
초심스터디카,1,0,0,초심스
초월스터디카,1,0,0,초월스
촌놈집삼덕공,1,0,0,
최네집,1,0,0,최네집
최네집부대찌,1,0,0,최네집
최네집부대찌개,1,0,0,최네집
충남사(자 ,1,0,0,
충무김밥,1,0,0,
충무로점컴포,1,0,0,
치어스호계2 ,1,0,0,
카쯔야범계점,1,0,0,
카카오_카 ,0,0,0,
카카오_카카오페이,0,0,0,
카카오_택 ,0,0,0,
카카오(기 ,0,0,0,
카카오MY구,0,0,0,
카카오T_바,0,0,0,
카카오T일 ,0,0,0,
카카오T택 ,0,0,0,
카카오개인택,0,0,0,
카카오법인택,0,0,0,
카카오선물하,0,0,0,
카카오택시선,0,0,0,
카카오페이,0,0,0,
카카오페이_N,0,0,0,
카카오페이_NICE,0,0,0,
카카오페이( ,0,0,0,
카페게이트평,1,0,0,
카페게이트평촌학원,1,0,0,
카페봄봄안양,1,0,0,
카페비스포크,1,0,0,
카페비스포크(CAFEB,1,0,0,
카페지니호계,1,0,0,
카페지니호계점,1,0,0,
카페초이스,1,0,0,
카페하루,1,0,0,
캔버스태암주,0,0,0,
캠퍼스라운지,1,0,0,
커틸다헤어살,1,0,0,
커피마르소,1,0,0,
커피베이안양,1,0,0,
커피온팔공티,1,0,0,
컴포즈커피동,1,0,0,
컴포즈커피평,1,0,0,
컴포즈커피평촌트리,1,0,0,
케이투(K2)  ,0,0,0,
코레일유통( ,0,0,0,
코레일유통주,0,0,0,
코밴_키오 ,1,0,0,
코밴_키오스크_1,1,0,0,
코밴(오프라인)_1,1,0,0,
쿠팡(와우 ,0,0,0,
쿠팡(쿠페 ,0,0,0,
퀸즈블랙건대,1,0,0,
크라우드PC  ,1,0,0,
크리드PC호,1,0,0,
크린토피아안,1,0,0,
큰삼촌용돈,0,0,0,
클로봇,0,0,0,
키오스크_KIC,0,0,0,
키움이건민,0,1,0,
키움해외이벤,0,0,0,
타임유스터디,1,0,0,
태기산더덕순,1,0,0,태기산
토니치킨,1,0,0,
토스_신재 ,0,0,0,
토스_이건 ,0,0,0,
토스_이승 ,0,0,0,
토스_이지 ,0,0,0,
토스_정민 ,0,0,0,
토스_조영 ,0,0,0,
토스_한건 ,0,0,0,
토스PG한국,0,0,0,
토스강영구,0,1,0,토스강영구
토스강원석,0,1,1,토스강원석
토스공태현,0,1,1,토스공태현
토스권기완,0,1,1,토스권기완
토스김경민,0,1,1,토스김경민
토스김미옥,0,1,1,토스김미옥
토스김어람,0,1,1,토스김어람
토스김영미,0,1,1,토스김영미
토스김원재,0,1,1,토스김원재
토스김종인,0,1,1,토스김종인
토스김하연,0,1,1,토스김하연
토스노동혁,0,1,1,토스노동혁
토스동국대,0,1,0,토스동국대
토스박민성,0,1,1,토스박민성
토스배현민,0,1,1,토스배현민
토스서울세,0,1,0,토스서울세
토스송복현,0,1,0,토스송복현
토스신순옥,0,1,1,토스신순옥
토스신재원,0,1,1,토스신재원
토스오상현,0,1,1,토스오상현
토스유정식,0,1,1,토스유정식
토스윤금한,0,1,0,토스윤금한
토스이건민,0,1,1,토스이건민
토스이승빈,0,1,1,토스이승빈
토스이승용,0,1,1,토스이승용
토스장승헌,0,1,1,토스장승헌
토스정민준,0,1,1,토스정민준
토스조효준,0,1,1,토스조효준
토스최소이,0,1,1,토스최소이
토스최영범,0,1,1,토스최영범
토스트&커 ,1,0,0,
토스페이,0,0,0,
토스페이충,0,0,0,
토스페이충전,0,0,0,
토스홍지수,0,1,1,토스홍지수
통닭원5900( ,1,0,0,
통인커뮤니티,1,0,0,
통통뼈감자탕,1,0,0,
투썸플레이스,1,0,0,
틈새라면평촌,1,0,0,
티머니개인택,0,0,0,
티머니법인택,0,0,0,
파두매도,0,0,0,
파두매도금액,0,0,0,
파란제노PC,1,0,0,
파리바게뜨논,1,0,0,
파리바게뜨범,1,0,0,
파리바게뜨안,1,0,0,
파리바게뜨평,1,0,0,
파리바게뜨한,1,0,0,
팔공티,1,0,0,
페이펄문구센,1,0,0,
펜트리문구센,1,0,0,
펜트리문구평,1,0,0,
펜트리문구평촌점,1,0,0,
펠리치따평촌,1,0,0,
평촌범계문고,1,0,0,평촌범
평촌범계약국,1,0,0,평촌범
평촌종로약국,1,0,0,평촌종
포메인,0,0,0,포메인
포차끝판왕홍,1,0,0,포차끝
포텐스터디카,1,0,0,포텐스
포트캔커피충,1,0,0,포트캔
푸드하우스,1,0,0,
풀PC방,1,0,0,
프랭크버거범,1,0,0,
프랭크버거의,1,0,0,
프레시홈마트,1,0,0,
프린트데이24,1,0,0,
플래시커피신,1,0,0,
플레이존,1,0,0,
피씨지엥,1,0,0,피씨지
피씨토랑안양,1,0,0,피씨토
피오디디,1,0,0,피오디
피자2001,1,0,0,
피자먹다범계,1,0,0,피자먹
피자스쿨안양,1,0,0,피자스
피자스쿨평촌,1,0,0,피자스
피자스쿨호계,1,0,0,피자스
필동반점,1,0,0,필동반
필동커피(Pil,1,0,0,필동커
필에너지,0,0,0,필에너
하나름마트,1,0,0,하나름
하나약국,1,0,0,하나약
하이킥피씨(P,1,0,0,하이킥
학원문고,1,0,0,학원문
학원비결제( ,0,0,0,학원비
한국맥도날드,1,0,0,한국맥
한국철도공사,1,0,0,한국철
한독약국,1,0,0,한독약
한마음슈퍼,1,0,1,한마음
한솥도시락안,1,0,0,한솥도
한신포차인계,1,0,0,한신포
한촌설렁탕,1,0,0,한촌설
할매김밥,1,0,0,
할머니용돈,1,0,0,
함형석이비인,1,0,1,함형석
해늘,1,0,0,
해외이건민,0,1,0,해외이
해피로pc방,1,0,0,해피로
해피피씨토랑,1,0,0,해피피
핵밥(범계 ,1,0,0,
행컵평촌학원,1,0,0,
헌터PC의왕,1,0,0,
헤어디자이너,1,0,0,
헤어라푼젤,1,0,0,
헥토_대표(,0,0,0,
현대마린환불,0,0,0,현대마
현대홈마트,1,0,0,현대홈
형제전통돼지,1,0,0,형제전
혜성내과의원,1,0,0,
호식이두마리,1,0,0,호식이
홍당무파스타,1,0,0,홍당무
홍대개미범계,1,0,0,홍대개
홍대호,0,1,1,홍대호
홍씨네감자탕,1,0,0,홍씨네
홍짜장,1,0,0,홍짜장
홍짜장(범 ,1,0,0,홍짜장
홍콩반점0410,1,0,0,홍콩반
화차이,1,0,0,화차이
황금성,1,0,1,황금성
황도바지락칼,1,0,0,황도바
후다닭치킨점,1,0,0,후다닭
휴우,1,0,0,
